distance,duration,range,battery_start,battery_end,total_time
292,15385.27,390,96,21.13,15385.27
342,25176.48,333,79,-23.7,28625.48
251,13787.3,304,50,-32.57,15624.3
200,15546.05,172,65,-51.28,18001.05
389,36898.87,245,54,-104.78,40040.87
347,18194.9,280,76,-47.93,21583.9
115,5333.29,166,83,13.72,7706.29
218,15258.21,336,80,15.12,17292.21
37,2506.49,55,97,29.73,2506.49
192,10538.13,299,87,22.79,10538.13
396,18579.71,365,90,-18.49,21777.71
272,14247.07,298,61,-30.28,16853.07
27,2286.2,64,97,54.81,2286.2
39,4488.67,245,65,49.08,4488.67
295,23030.55,322,99,7.39,25823.55
272,13329.22,191,50,-92.41,15273.22
231,19755.58,275,100,16.0,21646.58
74,5157.47,56,86,-46.14,6985.47
297,16320.55,272,59,-50.19,18440.55
331,34076.12,240,88,-49.92,36484.12
138,11448.73,178,64,-13.53,13344.73
265,12363.71,179,85,-63.04,15622.71
224,11003.24,97,83,-147.93,12989.24
329,21725.64,123,92,-175.48,24649.64
388,21876.54,300,77,-52.33,23713.54
288,23579.81,339,69,-15.96,26981.81
146,8285.45,116,72,-53.86,10247.45
225,11657.25,249,71,-19.36,15022.25
162,15128.58,258,78,15.21,17312.58
249,18014.9,276,71,-19.22,19954.9
243,12578.57,208,64,-52.83,15653.57
328,28452.08,83,88,-307.18,30830.08
262,12406.26,337,77,-0.74,15157.26
271,12870.3,259,65,-39.63,16141.3
54,2637.33,175,93,62.14,2637.33
307,24079.81,111,89,-187.58,26540.81
245,13111.24,179,66,-70.87,16174.24
211,20804.02,138,99,-53.9,22626.02
108,8941.85,267,82,41.55,8941.85
72,3899.9,263,60,32.62,3899.9
123,10041.13,58,61,-151.07,12123.13
207,11062.25,72,93,-194.5,13327.25
167,7520.65,157,70,-36.37,9364.65
264,31406.31,252,75,-29.76,33586.31
259,14008.86,379,91,22.66,14008.86
312,21680.56,358,82,-5.15,24047.56
375,30595.18,214,92,-83.23,34115.18
371,17980.98,73,100,-408.22,21433.98
216,22585.33,144,60,-90.0,24608.33
232,24368.32,210,57,-53.48,27122.32
373,18036.01,267,62,-77.7,21507.01
181,8538.97,320,60,3.44,10388.97
271,26744.52,193,82,-58.41,29266.52
392,23567.43,330,74,-44.79,25523.43
119,7598.85,217,69,14.16,10737.85
174,10066.04,115,55,-96.3,12001.04
135,14339.89,76,57,-120.63,17773.89
267,16868.01,333,61,-19.18,18947.01
309,14141.37,108,60,-226.11,15998.37
109,7841.25,232,71,24.02,7841.25
23,2355.45,261,91,82.19,2355.45
168,7625.95,311,90,35.98,7625.95
263,19178.63,73,71,-289.27,21068.63
171,7849.24,218,58,-20.44,10102.24
231,16861.24,326,69,-1.86,19936.24
159,10678.77,226,100,29.65,10678.77
179,10835.05,201,88,-1.05,12937.05
239,16432.18,230,90,-13.91,19459.18
379,22368.38,59,75,-567.37,25915.38
102,11190.48,322,95,63.32,11190.48
250,20171.74,155,79,-82.29,22967.74
238,11795.61,287,66,-16.93,15106.61
149,7287.59,60,73,-175.33,9134.59
340,31161.71,151,55,-170.17,33935.71
143,17009.45,227,93,30.0,17009.45
155,7756.02,172,84,-6.12,10963.02
49,4427.4,328,63,48.06,4427.4
318,20139.18,246,92,-37.27,23475.18
44,2958.97,227,65,45.62,2958.97
399,32693.18,76,92,-433.0,35799.18
266,15106.93,269,74,-24.88,18067.93
69,5558.45,273,67,41.73,5558.45
207,11526.57,282,78,4.6,13665.57
35,2073.73,369,77,67.51,2073.73
339,18120.87,374,76,-14.64,20042.87
321,16585.23,160,79,-121.62,19108.23
218,17520.36,187,57,-59.58,20526.36
249,11458.8,391,97,33.32,11458.8
22,1190.11,109,71,50.82,1190.11
246,19332.58,325,68,-7.69,22456.58
248,11388.09,75,65,-265.67,13889.09
46,2729.87,239,60,40.75,2729.87
388,27104.46,67,66,-513.1,29145.46
227,25612.85,268,90,5.3,28326.85
311,18676.85,220,93,-48.36,22044.85
385,24219.62,99,62,-326.89,26153.62
113,5088.7,315,65,29.13,5088.7
332,29746.46,141,89,-146.46,33127.46
141,11479.22,246,59,1.68,14023.22
254,12141.63,308,84,1.53,14558.63
230,20095.64,355,94,29.21,20095.64
226,12226.61,195,62,-53.9,15582.61
86,4656.12,304,67,38.71,4656.12
389,23200.88,300,54,-75.67,25545.88
97,6554.84,363,75,48.28,6554.84
370,24028.51,154,80,-160.26,27337.51
277,23702.01,257,95,-12.78,26071.01
375,39751.47,189,57,-141.41,41998.47
307,16544.54,132,64,-168.58,19043.54
378,32132.62,337,67,-45.17,35422.62
357,25683.7,310,93,-22.16,27971.7
161,9532.54,380,84,41.63,9532.54
311,16191.31,300,53,-50.67,19411.31
267,16444.38,85,56,-258.12,18612.38
216,11692.75,264,69,-12.82,13994.75
208,10558.81,291,62,-9.48,13340.81
64,5769.31,208,83,52.23,5769.31
337,25078.22,120,68,-212.83,28466.22
135,14035.21,245,64,8.9,15853.21
333,28783.98,164,85,-118.05,30608.98
364,25436.98,225,50,-111.78,28142.98
316,32908.04,269,96,-21.47,36207.04
240,22847.0,104,58,-172.77,25245.0
39,3178.41,127,87,56.29,3178.41
371,33953.38,122,50,-254.1,35968.38
214,14935.98,96,55,-167.92,16827.98
229,15925.81,294,84,6.11,19251.81
306,21132.14,105,81,-210.43,23158.14
180,9693.44,190,88,-6.74,12471.44
203,20464.61,316,97,32.76,20464.61
300,21230.01,120,90,-160.0,23986.01
318,29577.36,149,78,-135.42,32451.36
164,7822.54,106,52,-102.72,9961.54
350,16514.79,138,74,-179.62,19741.79
207,17770.46,400,88,36.25,17770.46
185,14505.86,382,97,48.57,14505.86
91,4382.88,179,66,15.16,7277.88
129,7646.15,211,52,-9.14,9857.15
304,20075.76,156,77,-117.87,22164.76
200,17457.05,193,55,-48.63,19661.05
196,9639.55,155,57,-69.45,11982.55
300,21053.62,396,84,8.24,24545.62
164,7390.16,330,95,45.3,7390.16
274,13735.07,99,82,-194.77,16027.07
347,23817.97,105,66,-264.48,25788.97
194,10264.0,343,99,42.44,10264.0
379,17863.76,75,87,-418.33,21152.76
65,5688.22,106,75,13.68,8299.22
268,18970.08,235,73,-41.04,22245.08
39,1850.17,211,76,57.52,1850.17
268,12881.62,112,85,-154.29,14961.62
104,5310.06,334,98,66.86,5310.06
315,15111.84,217,59,-86.16,18605.84
268,13473.02,295,69,-21.85,16274.02
293,30434.25,177,99,-66.54,34034.25
103,6356.58,210,57,7.95,9043.58
99,7174.37,283,71,36.02,7174.37
183,8775.12,261,94,23.89,8775.12
392,19834.42,267,62,-84.82,21851.42
361,34188.07,106,97,-243.57,37033.07
282,21916.18,176,57,-103.23,24838.18
329,20961.27,68,52,-431.82,24498.27
174,9029.39,188,77,-15.55,12624.39
282,12793.85,173,68,-95.01,15741.85
112,5441.0,372,83,52.89,5441.0
218,18916.89,314,51,-18.43,21295.89
230,12543.63,97,99,-138.11,15630.63
203,14734.59,332,80,18.86,16944.59
30,1555.14,148,78,57.73,1555.14
64,4072.58,253,61,35.7,4072.58
144,8012.19,103,66,-73.81,9973.19
23,1477.36,301,83,75.36,1477.36
392,19409.11,116,92,-245.93,21228.11
79,5298.68,156,83,32.36,5298.68
259,27169.62,205,76,-50.34,29127.62
159,7187.88,389,61,20.13,7187.88
143,12264.11,82,57,-117.39,14190.11
359,22068.62,247,53,-92.34,24679.62
65,4891.51,352,88,69.53,4891.51
256,20192.6,62,55,-357.9,23397.6
207,12251.36,286,86,13.62,15510.36
280,19795.23,380,90,16.32,22167.23
248,26337.43,91,62,-210.53,29028.43
214,11758.07,245,70,-17.35,13917.07
212,17573.75,232,97,5.62,20808.75
389,35419.35,346,59,-53.43,37569.35
29,1960.23,60,72,23.67,1960.23
318,27127.09,366,68,-18.89,30724.09
360,18586.9,186,74,-119.55,20812.9
112,5357.18,196,62,4.86,7551.18
346,20455.28,106,65,-261.42,22782.28
302,13628.13,97,90,-221.34,15867.13
61,6469.26,310,85,65.32,6469.26
336,17009.2,365,70,-22.05,20450.2
273,21068.89,185,96,-51.57,23795.89
346,16221.41,260,51,-82.08,18161.41
333,38033.6,382,54,-33.17,41263.6
369,23182.23,124,67,-230.58,25576.23
258,14413.75,78,88,-242.77,16976.75
396,19542.97,339,72,-44.81,21564.97
201,10246.35,188,75,-31.91,12841.35
292,13499.68,325,82,-7.85,16777.68
316,17321.42,169,51,-135.98,19255.42
265,12151.88,103,51,-206.28,14262.88
269,13499.87,111,55,-187.34,16973.87
77,8041.46,222,76,41.32,8041.46
298,15025.28,125,85,-153.4,18271.28
376,23795.93,60,73,-553.67,26928.93
189,17653.63,67,55,-227.09,20367.63
186,8783.13,302,69,7.41,12310.13
393,41009.29,395,69,-30.49,44117.29
36,2483.32,249,77,62.54,2483.32
240,14123.01,255,84,-10.12,16705.01
358,18493.08,86,57,-359.28,20799.08
107,7505.36,227,96,48.86,7505.36
37,3465.13,259,53,38.71,3465.13
27,1368.66,83,74,41.47,1368.66
399,19632.24,151,51,-213.24,21780.24
267,31277.4,73,95,-270.75,34624.4
123,8911.72,355,74,39.35,8911.72
144,8947.96,267,89,35.07,8947.96
379,17836.45,397,66,-29.47,20901.45
281,25652.29,213,56,-75.92,28644.29
95,5739.21,259,57,20.32,5739.21
66,4556.85,233,73,44.67,4556.85
251,20740.97,288,83,-4.15,23318.97
224,11271.79,243,67,-25.18,14055.79
25,1489.43,59,51,8.63,3462.43
289,15308.27,242,87,-32.42,18291.27
195,11261.68,333,89,30.44,11261.68
253,12259.8,391,100,35.29,12259.8
121,6063.24,250,93,44.6,6063.24
209,15458.21,302,50,-19.21,18400.21
229,11781.13,342,54,-12.96,14802.13
359,25694.8,377,85,-10.23,28376.8
93,9049.26,226,52,10.85,11606.26
335,35450.87,71,81,-390.83,37780.87
149,6983.24,382,68,28.99,6983.24
237,11262.58,221,65,-42.24,14622.58
307,18689.62,187,53,-111.17,21526.62
130,7110.74,218,99,39.37,7110.74
117,9371.67,385,73,42.61,9371.67
219,21247.5,175,54,-71.14,24467.5
138,10806.74,150,79,-13.0,14011.74
246,15916.55,373,94,28.05,15916.55
313,16302.88,131,74,-164.93,18589.88
282,13225.33,183,74,-80.1,16321.33
293,18430.19,84,78,-270.81,21620.19
129,8601.46,349,62,25.04,8601.46
315,14798.24,324,67,-30.22,17449.24
137,11527.88,110,55,-69.55,14702.88
31,1851.14,211,70,55.31,1851.14
367,17678.2,73,54,-448.74,20783.2
287,14883.51,378,88,12.07,17553.51
300,34086.99,221,90,-45.75,36573.99
129,10443.58,278,51,4.6,12485.58
386,18501.22,255,87,-64.37,20577.22
121,12706.49,117,52,-51.42,15942.49
149,9118.39,113,100,-31.86,12329.39
280,18227.01,165,52,-117.7,20782.01
179,8087.3,384,54,7.39,10574.3
26,1306.63,284,51,41.85,1306.63
43,2357.3,170,63,37.71,2357.3
346,24987.22,114,55,-248.51,26864.22
278,13579.01,256,90,-18.59,16800.01
280,21279.43,159,52,-124.1,24504.43
369,19305.66,51,94,-629.53,22823.66
399,30234.07,236,53,-116.07,32753.07
158,15870.28,330,79,31.12,15870.28
225,11065.41,186,51,-69.97,13643.41
77,6291.17,258,100,70.16,6291.17
112,7724.33,206,94,39.63,7724.33
21,2251.42,250,68,59.6,2251.42
196,12889.19,72,68,-204.22,15102.19
230,20092.42,130,75,-101.92,22603.42
333,19474.12,272,97,-25.43,22234.12
298,22109.61,398,69,-5.87,24521.61
174,12442.39,260,87,20.08,12442.39
371,23940.67,62,98,-500.39,26367.67
152,7438.48,226,57,-10.26,9283.48
74,5573.45,195,100,62.05,5573.45
205,23445.76,335,63,1.81,26030.76
168,8056.73,276,88,27.13,8056.73
94,5594.12,242,77,38.16,5594.12
214,23020.61,232,71,-21.24,25679.61
20,1164.94,274,73,65.7,1164.94
324,17588.14,107,67,-235.8,19663.14
344,16111.48,151,94,-133.81,18307.48
25,2025.3,277,64,54.97,2025.3
25,1401.02,97,88,62.23,1401.02
104,8180.45,175,53,-6.43,11106.45
257,25661.0,103,62,-187.51,29237.0
131,13259.27,285,88,42.04,13259.27
244,12354.22,262,79,-14.13,14158.22
95,5258.7,132,69,-2.97,8323.7
271,22536.41,222,63,-59.07,25353.41
160,12256.76,389,66,24.87,12256.76
101,5653.34,169,70,10.24,8574.34
211,21003.22,60,94,-257.67,24430.22
292,18233.4,313,69,-24.29,20351.4
95,6694.1,229,96,54.52,6694.1
231,18754.92,386,86,26.16,18754.92
67,5507.44,179,100,62.57,5507.44
292,19813.04,146,52,-148.0,23364.04
336,17350.66,284,62,-56.31,20393.66
175,9771.94,99,70,-106.77,12447.94
333,20667.7,164,54,-149.05,23789.7
396,26797.52,186,98,-114.9,29303.52
280,23957.33,63,78,-366.44,26097.33
328,16146.04,296,90,-20.81,19286.04
391,29956.79,78,97,-404.28,33017.79
255,12427.08,261,59,-38.7,15398.08
370,28254.96,74,82,-418.0,30742.96
102,8312.61,134,76,-0.12,10575.61
93,5261.1,323,83,54.21,5261.1
396,36488.17,280,87,-54.43,39540.17
283,20241.43,395,50,-21.65,22714.43
332,28491.07,89,51,-322.03,31916.07
309,31198.02,245,70,-56.12,33759.02
199,10524.76,121,65,-99.46,13390.76
322,18866.41,386,64,-19.42,21048.41
345,21486.37,232,91,-57.71,23871.37
84,4733.6,357,98,74.47,4733.6
135,12686.73,70,98,-94.86,15476.73
121,5622.28,57,52,-160.28,8511.28
289,19189.37,111,66,-194.36,21368.37
34,2198.72,153,93,70.78,2198.72
339,21546.69,121,53,-227.17,24293.69
242,13625.86,63,50,-334.13,15964.86
240,11362.41,367,96,30.6,11362.41
196,12015.21,282,96,26.5,12015.21
316,18602.08,52,69,-538.69,21753.08
158,16824.79,363,74,30.47,16824.79
114,6633.72,365,64,32.77,6633.72
36,2363.28,366,97,87.16,2363.28
247,19453.05,307,70,-10.46,21633.05
105,9752.55,275,77,38.82,9752.55
147,17160.41,253,71,12.9,20549.41
384,26076.24,171,88,-136.56,29607.24
271,13360.23,337,66,-14.42,15549.23
233,16261.84,353,64,-2.01,18874.84
391,29067.06,145,94,-175.66,32315.06
273,15648.55,393,60,-9.47,18241.55
278,31468.77,243,85,-29.4,34232.77
190,8784.55,127,59,-90.61,10793.55
78,7923.92,219,60,24.38,7923.92
345,37806.76,237,62,-83.57,40693.76
109,6813.28,273,54,14.07,10238.28
130,13833.18,362,65,29.09,13833.18
74,3800.23,198,57,19.63,7193.23
155,7277.62,71,81,-137.31,10658.62
198,13082.89,77,97,-160.14,16621.89
157,7205.87,343,54,8.23,9893.87
224,12920.49,85,90,-173.53,14875.49
68,4502.9,248,89,61.58,4502.9
157,15877.45,384,58,17.11,17706.45
143,12341.83,281,78,27.11,12341.83
279,19929.27,214,67,-63.37,21962.27
209,15507.31,233,97,7.3,17673.31
236,12410.07,146,79,-82.64,15564.07
115,9342.66,235,68,19.06,11989.66
385,24385.76,213,73,-107.75,26218.76
177,14787.41,341,71,19.09,17614.41
203,13659.33,51,92,-306.04,16719.33
355,33505.99,250,70,-72.0,35604.99
323,15783.9,225,94,-49.56,19219.9
187,10576.83,133,59,-81.6,13908.83
255,17092.97,302,100,15.56,20257.97
194,12748.96,284,94,25.69,12748.96
65,6725.72,268,88,63.75,6725.72
311,36556.27,155,85,-115.65,39770.27
81,8716.64,318,60,34.53,8716.64
37,2096.99,345,91,80.28,2096.99
89,9259.12,192,72,25.65,9259.12
131,9712.81,84,93,-62.95,12019.81
281,29105.75,205,66,-71.07,32330.75
318,15175.85,61,56,-465.31,18325.85
114,12707.04,374,94,63.52,12707.04
64,5919.81,149,61,18.05,9165.81
161,12575.21,317,56,5.21,16019.21
26,1440.36,66,73,33.61,1440.36
342,19604.56,57,52,-548.0,22990.56
383,20931.4,190,98,-103.58,23647.4
182,8291.83,254,54,-17.65,10833.83
313,35685.25,343,52,-39.25,37522.25
155,8338.99,270,59,1.59,11851.99
21,1981.92,387,97,91.57,1981.92
202,15768.66,280,66,-6.14,18981.66
361,35559.74,347,97,-7.03,37990.74
200,9893.45,283,51,-19.67,13425.45
349,20016.49,310,72,-40.58,22824.49
397,22168.4,267,94,-54.69,24812.4
40,2694.63,83,94,45.81,2694.63
237,17121.0,324,69,-4.15,19485.0
151,7806.77,105,50,-93.81,10233.77
94,5541.97,330,98,69.52,5541.97
236,23329.49,344,67,-1.6,26191.49
232,14056.76,342,55,-12.84,15969.76
115,8006.65,226,75,24.12,8006.65
26,1526.35,280,94,84.71,1526.35
340,36539.24,303,58,-54.21,39390.24
310,31674.84,104,79,-219.08,34023.84
208,11332.83,267,97,19.1,14473.83
178,10389.27,254,88,17.92,13556.27
256,13498.85,246,81,-23.07,16696.85
141,6616.3,53,75,-191.04,9303.3
148,12358.7,296,91,41.0,12358.7
390,28646.91,155,73,-178.61,31603.91
251,20417.93,345,95,22.25,20417.93
136,8336.42,65,86,-123.23,10660.42
38,2863.1,164,79,55.83,2863.1
288,17607.4,181,63,-96.12,20962.4
280,17519.41,290,52,-44.55,19423.41
306,31487.79,206,88,-60.54,34816.79
214,16578.8,137,93,-63.2,18808.8
238,22366.7,147,66,-95.9,25882.7
170,8494.04,288,60,0.97,11224.04
315,21749.35,218,94,-50.5,23846.35
110,4963.76,255,57,13.86,8509.76
247,14894.17,204,53,-68.08,17999.17
218,9980.95,399,95,40.36,9980.95
288,13912.77,90,52,-268.0,16966.77
253,18870.13,390,85,20.13,18870.13
334,16979.15,337,55,-44.11,20007.15
60,5931.34,281,60,38.65,5931.34
239,11615.97,219,82,-27.13,14905.97
60,3917.34,100,88,28.0,3917.34
116,9766.0,118,91,-7.31,13008.0
339,22364.98,155,58,-160.71,24937.98
282,13264.88,121,60,-173.06,15670.88
37,1760.88,392,57,47.56,1760.88
47,2265.03,108,94,50.48,2265.03
131,9407.5,228,72,14.54,11630.5
38,2121.59,381,82,72.03,2121.59
170,16090.2,186,79,-12.4,18626.2
281,12807.71,340,59,-23.65,15989.71
215,20456.68,152,72,-69.45,22689.68
152,10928.5,361,93,50.89,10928.5
212,9840.1,60,72,-281.33,12662.1
27,2019.57,218,84,71.61,2019.57
290,23646.44,163,82,-95.91,26072.44
79,3668.98,348,91,68.3,3668.98
356,25653.48,259,86,-51.45,27480.48
222,13300.87,213,68,-36.23,15275.87
293,18315.73,353,78,-5.0,20193.73
210,13056.99,88,94,-144.64,15836.99
229,11618.7,198,69,-46.66,14657.7
20,924.38,353,67,61.33,924.38
33,3083.47,133,51,26.19,3083.47
166,12168.57,133,61,-63.81,14841.57
396,19998.54,390,77,-24.54,22140.54
252,27166.99,211,60,-59.43,30106.99
378,27228.36,169,61,-162.67,30010.36
61,5713.87,346,65,47.37,5713.87
263,20232.03,150,86,-89.33,23448.03
281,30624.05,239,57,-60.57,32562.05
27,2096.48,185,92,77.41,2096.48
64,7204.22,187,97,62.78,7204.22
99,5542.97,227,97,53.39,5542.97
137,12277.41,221,82,20.01,12277.41
49,4847.97,376,50,36.97,4847.97
51,2547.64,215,94,70.28,2547.64
113,11494.12,352,65,32.9,11494.12
40,3181.7,62,87,22.48,3181.7
173,13615.56,184,75,-19.02,16565.56
248,11683.75,59,92,-328.34,14555.75
231,16033.88,124,81,-105.29,17934.88
216,19386.76,143,89,-62.05,21437.76
295,14694.89,149,52,-145.99,17992.89
231,11847.2,228,75,-26.32,15086.2
244,23362.19,287,97,11.98,26039.19
256,11834.94,374,94,25.55,11834.94
341,23354.48,299,78,-36.05,26128.48
76,3637.15,233,85,52.38,3637.15
278,13607.47,145,91,-100.72,15489.47
249,16243.86,339,97,23.55,16243.86
226,18072.24,158,59,-84.04,21112.24
256,15831.81,209,59,-63.49,17914.81
224,15309.46,229,56,-41.82,17696.46
211,13074.81,198,95,-11.57,16232.81
335,29961.41,242,60,-78.43,33072.41
127,7493.45,176,91,18.84,9774.45
321,23554.93,280,68,-46.64,26597.93
371,35910.12,121,71,-235.61,39272.12
163,8305.71,133,87,-35.56,11735.71
189,15077.21,378,51,1.0,18358.21
288,16600.63,223,77,-52.15,18800.63
139,11813.31,61,95,-132.87,14390.31
48,2406.82,200,50,26.0,2406.82
222,13137.22,397,63,7.08,15451.22
79,8035.64,384,88,67.43,8035.64
211,21466.42,305,64,-5.18,24700.42
109,12488.45,298,56,19.42,15160.45
257,23344.09,278,57,-35.45,25538.09
290,17006.96,58,59,-441.0,20130.96
234,10700.71,296,55,-24.05,13653.71
156,7839.9,187,57,-26.42,10884.9
339,16196.85,182,68,-118.26,19025.85
352,18902.35,363,98,1.03,21298.35
315,17246.67,270,56,-60.67,20244.67
187,9040.72,162,69,-46.43,11916.72
380,17255.6,366,96,-7.83,20086.6
120,8423.05,293,74,33.04,8423.05
345,19890.86,120,79,-208.5,22416.86
71,4153.5,74,56,-39.95,7258.5
309,16940.82,364,99,14.11,20229.82
294,19563.51,130,55,-171.15,22889.51
308,22932.05,214,66,-77.93,25544.05
333,17758.77,354,75,-19.07,19996.77
131,6552.16,233,65,8.78,8473.16
57,5171.47,356,99,82.99,5171.47
246,14039.08,94,54,-207.7,16286.08
39,1843.84,392,74,64.05,1843.84
220,13267.72,109,69,-132.83,15127.72
48,3031.91,397,61,48.91,3031.91
362,18083.12,395,75,-16.65,19960.12
117,6983.91,169,79,9.77,9815.91
35,2748.05,56,53,-9.5,5340.05
70,4443.94,90,56,-21.78,6825.94
86,4905.06,253,83,49.01,4905.06
86,4989.73,400,61,39.5,4989.73
383,43799.0,337,53,-60.65,47392.0
317,23188.31,256,91,-32.83,26197.31
200,15121.87,366,55,0.36,18560.87
171,10749.78,360,69,21.5,10749.78
88,7795.72,349,89,63.79,7795.72
355,29387.27,136,89,-172.03,32505.27
39,4124.25,173,94,71.46,4124.25
96,9860.5,307,96,64.73,9860.5
108,9743.18,376,85,56.28,9743.18
206,21031.34,289,90,18.72,24254.34
162,16915.36,56,86,-203.29,19052.36
301,22031.97,115,56,-205.74,25599.97
43,2183.78,374,76,64.5,2183.78
386,26590.14,104,58,-313.15,29927.14
127,8577.36,298,81,38.38,8577.36
160,15926.75,134,85,-34.4,18869.75
111,5201.45,219,98,47.32,5201.45
365,30537.95,290,50,-75.86,32386.95
391,24446.84,201,94,-100.53,27579.84
90,8648.05,134,89,21.84,8648.05
246,25743.51,283,50,-36.93,28539.51
112,9193.21,344,65,32.44,9193.21
222,10693.23,300,89,15.0,13658.23
379,36940.21,108,77,-273.93,40394.21
387,36534.47,337,84,-30.84,39271.47
267,21902.23,104,93,-163.73,25185.23
298,17662.84,184,83,-78.96,20416.84
183,14923.34,302,63,2.4,17546.34
222,10537.21,304,94,20.97,10537.21
264,21925.02,355,73,-1.37,23854.02
34,1788.88,125,81,53.8,1788.88
342,22208.91,55,96,-525.82,24078.91
320,35479.73,262,60,-62.14,37703.73
295,22164.65,351,82,-2.05,25726.65
123,8479.56,122,86,-14.82,10852.56
224,16327.58,224,57,-43.0,19861.58
230,23988.42,234,69,-29.29,25997.42
399,36629.08,278,52,-91.53,39167.08
306,28186.79,257,85,-34.07,30796.79
91,9154.08,172,73,20.09,9154.08
147,8285.13,285,81,29.42,8285.13
334,24236.14,185,97,-83.54,27068.14
31,2973.38,176,84,66.39,2973.38
148,6935.73,52,93,-191.62,9480.73
188,10641.8,244,95,17.95,13092.8
286,22699.67,219,96,-34.59,25293.67
362,28261.97,314,54,-61.29,31612.97
397,36866.0,321,71,-52.68,39277.0
65,4164.47,178,93,56.48,4164.47
108,10649.25,88,61,-61.73,13164.25
40,3302.25,233,90,72.83,3302.25
261,20294.81,104,86,-164.96,23622.81
129,7820.61,368,66,30.95,7820.61
99,11799.48,227,68,24.39,11799.48
232,14445.14,117,98,-100.29,16774.14
321,15038.85,69,58,-407.22,17360.85
94,5077.1,369,87,61.53,5077.1
231,21848.37,55,57,-363.0,24806.37
194,14105.38,294,68,2.01,16500.38
168,19540.9,112,58,-92.0,21689.9
329,18214.97,211,85,-70.92,20959.97
304,21213.36,264,89,-26.15,24442.36
117,5864.89,321,75,38.55,5864.89
79,8945.56,246,69,36.89,8945.56
284,15761.58,271,73,-31.8,18497.58
48,4518.81,286,87,70.22,4518.81
83,4469.37,159,74,21.8,4469.37
242,12480.91,78,86,-224.26,15272.91
142,12327.69,214,75,8.64,15093.69
307,14287.51,396,98,20.47,14287.51
334,34517.87,190,58,-117.79,37771.87
367,24380.18,302,68,-53.52,27980.18
62,3772.65,62,98,-2.0,5872.65
38,1796.25,194,97,77.41,1796.25
168,8842.59,227,66,-8.01,11037.59
224,16842.47,286,55,-23.32,19052.47
244,21990.02,193,62,-64.42,23820.02
321,20312.58,279,53,-62.05,22628.58
129,10322.7,381,83,49.14,10322.7
279,13282.84,50,96,-462.0,15335.84
156,9084.65,257,55,-5.7,10959.65
160,18202.52,122,83,-48.15,21275.52
54,5020.97,173,83,51.79,5020.97
104,6905.76,205,94,43.27,6905.76
203,17939.54,89,51,-177.09,20326.54
280,13257.01,337,72,-11.09,15478.01
190,9001.57,65,64,-228.31,10822.57
339,20070.14,315,77,-30.62,21895.14
306,15384.37,220,51,-88.09,17670.37
26,2141.22,113,96,72.99,2141.22
68,8142.52,320,61,39.75,8142.52
246,18043.37,90,96,-177.33,20350.37
154,13408.81,194,52,-27.38,15229.81
240,10920.93,285,69,-15.21,13372.93
170,8043.99,393,89,45.74,8043.99
113,11088.37,260,85,41.54,11088.37
108,11250.31,164,85,19.15,14345.31
128,6072.83,142,95,4.86,9549.83
312,14370.44,198,59,-98.58,16242.44
199,11458.96,328,89,28.33,11458.96
32,2466.53,254,83,70.4,2466.53
162,8217.55,296,75,20.27,8217.55
327,25000.85,157,78,-130.28,26807.85
53,4547.94,63,87,2.87,8094.94
257,11988.7,204,51,-74.98,14348.7
186,11745.02,338,61,5.97,14507.02
68,6016.44,248,96,68.58,6016.44
257,28504.19,399,72,7.59,30618.19
248,15470.36,294,65,-19.35,17624.36
159,7737.69,330,50,1.82,11271.69
317,16798.46,111,73,-212.59,19912.46
328,19837.25,56,77,-508.71,22349.25
397,19438.3,140,89,-194.57,21391.3
128,14308.57,238,53,-0.78,16258.57
65,4697.38,221,57,27.59,4697.38
207,9450.89,226,91,-0.59,11529.89
301,21803.1,276,69,-40.06,24562.1
176,14246.4,94,75,-112.23,16864.4
91,8778.05,272,75,41.54,8778.05
262,21093.7,197,97,-35.99,23035.7
358,32035.4,376,99,3.79,34195.4
352,40056.61,153,76,-154.07,42824.61
141,8568.62,79,100,-78.48,10470.62
101,5187.06,352,89,60.31,5187.06
62,3179.12,317,72,52.44,3179.12
89,9040.41,203,73,29.16,9040.41
322,34881.66,281,87,-27.59,36976.66
196,23303.06,127,95,-59.33,26338.06
79,4599.33,354,76,53.68,4599.33
86,7263.67,73,52,-65.81,9194.67
193,13601.25,210,69,-22.9,16107.25
363,23554.97,318,93,-21.15,26340.97
317,25763.69,91,61,-287.35,28901.69
34,3613.76,278,72,59.77,3613.76
319,15022.38,181,79,-97.24,17737.38
272,17056.58,195,69,-70.49,20021.58
293,13591.87,119,98,-148.22,15835.87
96,8500.58,244,94,54.66,8500.58
148,11249.23,100,99,-49.0,14646.23
382,27966.06,86,54,-390.19,31458.06
67,3759.22,208,64,31.79,3759.22
145,10409.38,57,60,-194.39,13894.38
181,8668.25,362,61,11.0,11565.25
318,28343.63,66,52,-429.82,31176.63
213,12770.44,300,90,19.0,14586.44
399,34169.72,74,73,-466.19,36794.72
382,24995.93,231,58,-107.37,27788.93
256,21199.74,130,95,-101.92,23529.74
393,20482.76,179,95,-124.55,23251.76
316,14792.2,378,98,14.4,17937.2
91,4455.39,283,89,56.84,4455.39
297,15170.64,347,72,-13.59,18038.64
22,2302.99,214,68,57.72,2302.99
306,27797.28,247,82,-41.89,29721.28
142,9770.66,317,54,9.21,13037.66
174,8522.53,172,58,-43.16,11574.53
83,4232.9,88,53,-41.32,7288.9
384,27901.94,384,95,-5.0,30329.94
276,13769.83,175,50,-107.71,16961.83
265,18016.63,80,66,-265.25,21552.63
299,26881.22,291,67,-35.75,28944.22
284,25769.24,51,75,-481.86,28770.24
185,9779.89,374,61,11.53,12459.89
135,12120.07,183,85,11.23,14787.07
268,17811.45,233,66,-49.02,20481.45
362,32036.97,150,69,-172.33,33866.97
320,19474.91,115,90,-188.26,22944.91
219,21975.77,202,87,-21.42,25453.77
177,20787.31,334,57,4.01,24324.31
212,11224.83,312,60,-7.95,13743.83
267,31440.64,86,74,-236.47,34313.64
346,41183.77,172,95,-106.16,44437.77
315,17938.25,315,76,-24.0,19840.25
217,12108.33,272,70,-9.78,15262.33
162,11964.05,260,55,-7.31,14967.05
166,8395.94,134,54,-69.88,11897.94
210,9792.8,286,68,-5.43,12602.8
263,23694.96,357,72,-1.67,26641.96
194,10217.66,146,51,-81.88,13617.66
290,25478.61,56,74,-443.86,28626.61
301,15160.51,140,62,-153.0,18126.51
138,13239.41,141,65,-32.87,15117.41
200,18945.79,323,59,-2.92,21507.79
182,8403.07,333,85,30.35,8403.07
393,45202.2,339,69,-46.93,48057.2
376,38045.54,98,53,-330.67,41420.54
230,25607.19,192,55,-64.79,28728.19
145,9263.91,174,81,-2.33,11603.91
64,4200.59,280,94,71.14,4200.59
311,19707.56,101,83,-224.92,22107.56
343,38294.48,141,69,-174.26,41274.48
317,15508.51,53,53,-545.11,17379.51
328,23890.15,229,83,-60.23,26044.15
219,25348.59,215,71,-30.86,27828.59
94,6209.04,299,63,31.56,6209.04
300,14063.04,221,63,-72.75,16590.04
391,19547.08,284,77,-60.68,22048.08
101,4880.64,266,79,41.03,4880.64
119,7580.75,53,75,-149.53,10009.75
318,22405.4,286,84,-27.19,24217.4
33,3724.04,375,85,76.2,3724.04
146,9434.47,94,84,-71.32,11881.47
395,19388.61,202,57,-138.54,21677.61
368,19212.11,192,87,-104.67,22042.11
316,17181.75,177,71,-107.53,20372.75
42,2537.74,261,76,59.91,2537.74
90,8332.59,221,62,21.28,8332.59
312,22265.67,258,96,-24.93,25397.67
39,3620.59,399,52,42.23,3620.59
143,7251.34,258,84,28.57,7251.34
187,21786.8,399,79,32.13,21786.8
352,16715.14,125,63,-218.6,20237.14
20,1269.8,244,89,80.8,1269.8
52,3247.64,59,79,-9.14,5263.64
37,2541.15,228,83,66.77,2541.15
129,14455.86,329,65,25.79,14455.86
98,4988.08,271,53,16.84,7485.08
66,6727.51,210,54,22.57,6727.51
397,40079.6,277,93,-50.32,42972.6
271,14751.4,69,90,-302.75,17613.4
371,24131.21,379,94,-3.89,27446.21
343,17377.58,365,92,-1.97,19461.58
341,26857.5,362,52,-42.2,29527.5
56,4037.42,194,86,57.13,4037.42
210,24178.75,333,97,33.94,24178.75
338,18258.23,249,95,-40.74,21455.23
216,11269.1,190,83,-30.68,13227.1
377,18707.68,95,59,-337.84,20603.68
229,10748.56,256,93,3.55,13971.56
93,6280.6,146,75,11.3,8876.6
62,5613.61,138,51,6.07,8760.61
229,13671.16,326,73,2.75,16921.16
254,13011.29,109,61,-172.03,15052.29
181,10095.77,215,83,-1.19,13152.77
210,18000.09,273,53,-23.92,20831.09
210,10571.15,253,87,4.0,12452.15
136,6619.28,128,98,-8.25,8573.28
110,8059.34,142,87,9.54,10274.34
277,18262.65,122,54,-173.05,20709.65
291,22804.04,125,80,-152.8,25393.04
25,1276.53,288,69,60.32,1276.53
304,21801.81,74,65,-345.81,24496.81
328,18392.14,270,86,-35.48,20208.14
352,15987.93,378,76,-17.12,19347.93
348,31325.53,75,70,-394.0,34489.53
218,14596.28,258,51,-33.5,18177.28
148,7402.72,101,53,-93.53,9818.72
261,13045.95,89,69,-224.26,15956.95
358,18748.52,54,89,-573.96,21188.52
208,11540.41,313,84,17.55,14471.41
256,21979.4,296,86,-0.49,25106.4
295,32710.56,397,56,-18.31,34536.56
372,37216.97,331,76,-36.39,40788.97
338,22087.48,304,73,-38.18,24781.48
285,31709.8,305,61,-32.44,33745.8
82,9007.24,225,93,56.56,9007.24
279,16565.86,327,84,-1.32,19173.86
354,22201.53,357,62,-37.16,24860.53
369,34980.93,239,95,-59.39,37359.93
240,23814.95,166,99,-45.58,26699.95
207,10674.07,222,81,-12.24,13727.07
116,5653.04,118,65,-33.31,8178.04
321,27269.15,130,92,-154.92,29205.15
203,13269.95,350,91,33.0,13269.95
248,15526.9,67,64,-306.15,18407.9
25,1151.75,117,82,60.63,1151.75
55,2535.35,355,78,62.51,2535.35
317,26234.2,80,57,-339.25,29285.2
91,4370.66,127,67,-4.65,6919.66
385,18626.93,122,78,-237.57,20439.93
274,20901.31,398,60,-8.84,23032.31
332,36860.67,192,91,-81.92,40059.67
72,4992.79,92,97,18.74,8479.79
82,5341.07,358,82,59.09,5341.07
144,10675.45,232,90,27.93,10675.45
32,1462.28,80,94,54.0,1462.28
257,29917.88,73,86,-266.05,32963.88
330,27693.21,283,68,-48.61,30981.21
328,35463.35,358,60,-31.62,38792.35
138,8704.97,332,80,38.43,8704.97
194,11421.52,319,62,1.18,13245.52
35,2750.24,111,88,56.47,2750.24
250,13711.21,371,88,20.61,13711.21
41,2217.13,395,74,63.62,2217.13
379,34793.24,322,66,-51.7,37425.24
63,2844.31,153,78,36.82,2844.31
376,18414.34,352,82,-24.82,21295.34
55,2583.04,274,54,33.93,2583.04
386,34698.81,276,87,-52.86,37096.81
125,5836.5,60,72,-136.33,8459.5
82,8116.85,298,76,48.48,8116.85
22,1381.96,185,67,55.11,1381.96
324,23706.79,70,56,-406.86,27065.79
142,9745.07,254,98,42.09,9745.07
158,10572.37,120,84,-47.67,13762.37
20,962.9,177,50,38.7,962.9
71,6264.07,64,99,-11.94,9595.07
296,19711.78,233,66,-61.04,21885.78
151,8967.87,365,78,36.63,8967.87
73,4526.11,144,51,0.31,7982.11
398,41608.61,114,58,-291.12,43925.61
235,10836.35,241,54,-43.51,13352.35
79,4278.91,241,51,18.22,7277.91
184,15474.8,95,93,-100.68,18812.8
328,15154.2,182,77,-103.22,17022.2
201,15091.61,357,94,37.7,15091.61
268,25502.41,112,62,-177.29,28883.41
368,33178.95,371,71,-28.19,36496.95
94,6049.27,170,99,43.71,6049.27
211,13560.91,118,65,-113.81,15614.91
385,30804.36,359,85,-22.24,33737.36
32,3027.39,117,77,49.65,3027.39
158,10594.58,282,59,2.97,13935.58
312,30216.81,400,95,17.0,33148.81
54,3091.71,86,70,7.21,5682.71
84,8561.15,324,98,72.07,8561.15
359,16496.8,267,80,-54.46,18833.8
323,17610.95,135,83,-156.26,19603.95
285,17211.26,356,72,-8.06,20799.26
139,6885.03,379,88,51.32,6885.03
114,7335.8,214,68,14.73,9817.8
396,20855.47,286,71,-67.46,23726.47
267,21867.29,253,96,-9.53,24256.29
364,25413.8,400,83,-8.0,27696.8
261,20319.73,66,68,-327.45,23890.73
56,3360.32,120,92,45.33,3360.32
301,18950.65,343,65,-22.76,22434.65
385,19964.46,148,87,-173.14,23194.46
81,7018.34,109,76,1.69,8969.34
361,21477.69,163,59,-162.47,23768.69
169,12917.68,151,78,-33.92,15273.68
136,15553.13,398,86,51.83,15553.13
383,19079.97,343,96,-15.66,20990.97
29,2636.47,248,90,78.31,2636.47
199,11206.98,159,81,-44.16,14313.98
308,18605.05,130,63,-173.92,21968.05
307,20617.31,169,89,-92.66,22811.31
329,29317.71,143,87,-143.07,31405.71
324,27090.77,99,70,-257.27,30170.77
172,7831.39,102,54,-114.63,9725.39
77,3705.22,347,61,38.81,3705.22
78,4755.71,161,69,20.55,4755.71
342,24466.11,387,62,-26.37,27618.11
46,4782.51,376,56,43.77,4782.51
178,14266.67,351,84,33.29,14266.67
159,9538.47,388,65,24.02,9538.47
232,14911.58,265,53,-34.55,18322.58
117,7265.75,210,98,42.29,7265.75
255,29042.05,246,57,-46.66,31557.05
274,23480.63,258,95,-11.2,26481.63
213,12038.88,364,76,17.48,14558.88
261,13704.94,99,90,-173.64,16609.94
180,8268.38,358,70,19.72,11003.38
293,24881.02,88,62,-270.95,27017.02
107,6299.98,344,70,38.9,6299.98
349,32787.31,50,75,-623.0,35931.31
166,18051.96,84,94,-103.62,21268.96
46,2444.32,189,59,34.66,2444.32
174,15178.67,392,82,37.61,15178.67
60,3726.43,69,78,-8.96,5863.43
384,19937.58,103,87,-285.82,22855.58
43,4192.35,66,63,-2.15,6260.35
28,2490.69,73,74,35.64,2490.69
341,24252.0,254,82,-52.25,26782.0
108,4941.09,278,75,36.15,4941.09
238,10976.99,253,78,-16.07,14493.99
288,18726.55,332,95,8.25,21651.55
366,20881.33,191,76,-115.62,23114.33
322,25372.26,128,72,-179.56,28923.26
183,11374.53,343,92,38.65,11374.53
121,9485.87,343,100,64.72,9485.87
147,11413.88,306,86,37.96,11413.88
399,43416.04,395,86,-15.01,45376.04
306,13958.87,323,61,-33.74,16964.87
182,13815.92,373,60,11.21,17147.92
273,28669.09,89,65,-241.74,31372.09
63,4392.73,138,60,14.35,7892.73
279,25646.1,333,51,-32.78,27872.1
69,3142.42,207,94,60.67,3142.42
354,16638.35,371,81,-14.42,19017.35
282,15064.35,387,74,1.13,18315.35
241,15192.02,235,65,-37.55,17161.02
49,3562.33,63,93,15.22,6396.33
256,17453.64,211,86,-35.33,20370.64
336,39755.0,173,62,-132.22,42300.0
175,14471.33,204,57,-28.78,16624.33
114,11270.92,366,67,35.85,11270.92
400,21287.27,222,88,-92.18,24012.27
343,20249.54,256,86,-47.98,22418.54
325,37356.49,392,98,15.09,39615.49
181,8227.92,170,72,-34.47,11336.92
395,25453.57,249,77,-81.63,29002.57
92,7177.93,244,61,23.3,7177.93
179,8476.15,341,51,-1.49,12006.15
76,4385.03,397,94,74.86,4385.03
314,14944.98,56,79,-481.71,17405.98
42,4315.1,388,60,49.18,4315.1
394,24962.6,232,71,-98.83,28294.6
83,4582.59,156,63,9.79,6494.59
196,16330.18,304,75,10.53,18261.18
230,12133.44,51,90,-360.98,15227.44
221,18621.83,355,60,-2.25,20492.83
313,20445.61,218,81,-62.58,23425.61
98,11644.97,79,93,-31.05,14678.97
50,4030.13,297,85,68.16,4030.13
289,13067.08,396,88,15.02,16199.08
145,8289.07,280,82,30.21,8289.07
246,15391.17,99,87,-161.48,17322.17
222,10410.68,285,54,-23.89,14003.68
197,11943.12,109,85,-95.73,15267.12
340,37156.12,224,78,-73.79,40111.12
47,2410.49,191,94,69.39,2410.49
209,12538.6,129,52,-110.02,14365.6
141,15595.9,107,80,-51.78,18494.9
351,36712.65,289,77,-44.45,40270.65
31,1700.17,398,89,81.21,1700.17
382,27401.34,310,84,-39.23,30207.34
192,8982.06,266,93,20.82,8982.06
302,16040.79,231,79,-51.74,17891.79
341,21595.02,111,83,-224.21,24147.02
208,21170.57,150,96,-42.67,23414.57
250,15305.76,366,57,-11.31,17515.76
292,26000.0,204,96,-47.14,29472.0
146,10271.66,329,92,47.62,10271.66
279,13647.44,196,79,-63.35,16833.44
37,2468.4,351,63,52.46,2468.4
267,12516.74,189,92,-49.27,14910.74
312,27715.54,247,86,-40.32,30621.54
282,29252.86,341,79,-3.7,32572.86
222,12692.08,236,91,-3.07,15509.08
340,19639.8,89,68,-314.02,23067.8
306,33603.18,399,70,-6.69,36533.18
234,11285.8,382,94,32.74,11285.8
242,18390.23,75,92,-230.67,20292.23
133,8506.17,213,51,-11.44,10757.17
79,8452.93,258,97,66.38,8452.93
334,19662.57,365,66,-25.51,22492.57
202,10522.36,211,96,0.27,13090.36
371,17265.12,150,72,-175.33,19728.12
398,25584.77,151,61,-202.58,28675.77
193,18851.31,270,63,-8.48,21116.31
398,25401.54,353,87,-25.75,28100.54
201,17480.22,67,74,-226.0,19452.22
334,17515.16,341,62,-35.95,19912.16
207,20328.51,255,62,-19.18,22218.51
360,37990.83,303,60,-58.81,40071.83
230,10457.04,124,85,-100.48,13231.04
113,7208.2,207,61,6.41,10324.2
388,37329.29,61,81,-555.07,39952.29
291,31269.02,161,78,-102.75,34531.02
387,38011.65,320,68,-52.94,41347.65
351,32328.1,376,83,-10.35,35711.1
257,16576.36,313,78,-4.11,19070.36
228,11053.52,104,66,-153.23,13261.52
57,3273.38,297,88,68.81,3273.38
369,20238.03,175,72,-138.86,23468.03
252,26597.32,396,100,36.36,26597.32
325,16384.49,164,75,-123.17,19001.49
58,4377.58,291,52,32.07,4377.58
268,22023.74,345,50,-27.68,24210.74
157,8543.55,298,76,23.32,8543.55
109,11560.42,268,74,33.33,11560.42
96,7036.4,278,67,32.47,7036.4
202,12879.34,289,89,19.1,16214.34
101,5348.3,331,50,19.49,8287.3
171,9682.6,332,72,20.49,9682.6
165,8989.57,345,63,15.17,11095.57
266,17170.2,157,67,-102.43,20464.2
375,27866.9,120,87,-225.5,30744.9
97,7796.18,395,53,28.44,7796.18
301,16223.16,268,79,-33.31,18134.16
44,4309.58,172,99,73.42,4309.58
191,17490.68,76,64,-187.32,20655.68
111,7061.35,232,52,4.16,9769.35
256,22568.73,395,82,17.19,25501.73
116,5323.84,219,60,7.03,7349.84
294,16122.84,319,83,-9.16,18116.84
181,8886.7,170,89,-17.47,11586.7
207,11061.25,366,54,-2.56,13492.25
